[
  {
    "icon": "fa fa-home",
    "slug": "external",
    "title": "Volver al inicio",
    "path": "index.html"
  },       
  {
    "id": 1,
    "icon": "fa fa-file-text",
    "slug": "generalidades",
    "title": "1. Generalidades, manejo, almacenaje y transporte de plaguicidas",    
    "path": "pages/tema-1.html"   
  },  
  {
    "id": 3,
    "icon": "fa fa-file-text",
    "slug": "etiquetado_productos",
    "title": "1.2 Etiquetado de productos, elementos del etiquetado en el sistema, formato de la etiqueta",    
    "path": "pages/tema-1-2.html"    
  },
  {
    "id": 4,
    "icon": "fa fa-file-text",
    "slug": "clasificacion_composicion",
    "title": "1.3 Obsoletos, accidentes, aseguramiento de áreas de derrames",    
    "path": "pages/tema-1-3.html"    
  },  
  {
    "id": 5,
    "icon": "fa fa-file-text",
    "slug": "diligencionamiento_formatos",
    "title": "2. Diligenciamiento de formatos y manejo de guías",    
    "path": "pages/tema-2.html"    
  },
  {
    "id": 6,
    "icon": "fa fa-file-text",
    "slug": "elaboracion_manual_control",
    "title": "2.1 Elaboración del manual de control de manejo de plaguicidas",    
    "path": "pages/tema-2-1.html"    
  },  
  {
    "id": 7,
    "icon": "fa fa-file-text",
    "slug": "kit_control_derrames",
    "title": "3. Uso del kit para el control de derrames de plaguicidas",    
    "path": "pages/tema-3.html"    
  },  
  {
    "id": 8,
    "icon": "fa fa-file-text",
    "slug": "kit_control",
    "title": "3.2 Uso del kit para el control de derrames",    
    "path": "pages/tema-3-2.html"  
  },
  {
    "id": 9,
    "icon": "fa fa-file-text",
    "slug": "procedimiento_derrames",
    "title": "3.3 Procedimiento ante derrames, aislamiento, limpieza, manejo de recursos peligrosos",    
    "path": "pages/tema-3-3.html"  
  },
  {
    "id": 10,
    "icon": "fa fa-file-text",
    "slug": "peligros",
    "title": "4. Peligros para la salud y el medio ambiente",    
    "path": "pages/tema-4.html"    
  }  
]